<indexerdata>
  <users>
    <user>
      <username>test1</username>
      <password>test1</password>
      <firstname>Test</firstname>
      <lastname>One</lastname>
      <email>test1@gmail.com</email>
      <indexedrecords>0</indexedrecords>
    </user>
    <user>
      <username>test2</username>
      <password>test2</password>
      <firstname>Test</firstname>
      <lastname>Two</lastname>
      <email>test2@gmail.com</email>
      <indexedrecords>0</indexedrecords>
    </user>
    <user>
      <username>sheila</username>
      <password>parker</password>
      <firstname>Sheila</firstname>
      <lastname>Parker</lastname>
      <email>sheila.parker@gmail.com</email>
      <indexedrecords>0</indexedrecords>
    </user>
  </users>
  <projects>
    <project>
      <title>1890 Census</title>
      <recordsperimage>8</recordsperimage>
      <firstycoord>199</firstycoord>
      <recordheight>60</recordheight>
      <fields>
        <field>
          <title>Last Name</title>
          <xcoord>60</xcoord>
          <width>300</width>
          <helphtml>fieldhelp/last_name.html</helphtml>
          <knowndata>knowndata/1890_last_names.txt</knowndata>
        </field>
        <field>
          <title>First Name</title>
          <xcoord>360</xcoord>
          <width>280</width>
          <helphtml>fieldhelp/first_name.html</helphtml>
          <knowndata>knowndata/1890_first_names.txt</knowndata>
        </field>
        <field>
          <title>Gender</title>
          <xcoord>640</xcoord>
          <width>205</width>
          <helphtml>fieldhelp/gender.html</helphtml>
          <knowndata>knowndata/genders.txt</knowndata>
        </field>
        <field>
          <title>Age</title>
          <xcoord>845</xcoord>
          <width>120</width>
          <helphtml>fieldhelp/age.html</helphtml>
        </field>
      </fields>
      <images>
        <image>
          <file>images/1890_image0.png</file>
        </image>
        <image>
          <file>images/1890_image1.png</file>
        </image>
        <image>
          <file>images/1890_image2.png</file>
        </image>
        <image>
          <file>images/1890_image3.png</file>
        </image>
        <image>
          <file>images/1890_image4.png</file>
        </image>
        <image>
          <file>images/1890_image5.png</file>
        </image>
        <image>
          <file>images/1890_image6.png</file>
        </image>
        <image>
          <file>images/1890_image7.png</file>
        </image>
        <image>
          <file>images/1890_image8.png</file>
        </image>
        <image>
          <file>images/1890_image9.png</file>
        </image>
        <image>
          <file>images/1890_image10.png</file>
        </image>
        <image>
          <file>images/1890_image11.png</file>
        </image>
        <image>
          <file>images/1890_image12.png</file>
        </image>
        <image>
          <file>images/1890_image13.png</file>
        </image>
        <image>
          <file>images/1890_image14.png</file>
        </image>
        <image>
          <file>images/1890_image15.png</file>
        </image>
        <image>
          <file>images/1890_image16.png</file>
        </image>
        <image>
          <file>images/1890_image17.png</file>
        </image>
        <image>
          <file>images/1890_image18.png</file>
        </image>
        <image>
          <file>images/1890_image19.png</file>
        </image>
      </images>
    </project>
    <project>
      <title>1900 Census</title>
      <recordsperimage>10</recordsperimage>
      <firstycoord>204</firstycoord>
      <recordheight>62</recordheight>
      <fields>
        <field>
          <title>Gender</title>
          <xcoord>45</xcoord>
          <width>205</width>
          <helphtml>fieldhelp/gender.html</helphtml>
          <knowndata>knowndata/genders.txt</knowndata>
        </field>
        <field>
          <title>Age</title>
          <xcoord>250</xcoord>
          <width>120</width>
          <helphtml>fieldhelp/age.html</helphtml>
        </field>
        <field>
          <title>Last Name</title>
          <xcoord>370</xcoord>
          <width>325</width>
          <helphtml>fieldhelp/last_name.html</helphtml>
          <knowndata>knowndata/1900_last_names.txt</knowndata>
        </field>
        <field>
          <title>First Name</title>
          <xcoord>695</xcoord>
          <width>325</width>
          <helphtml>fieldhelp/first_name.html</helphtml>
          <knowndata>knowndata/1900_first_names.txt</knowndata>
        </field>
        <field>
          <title>Ethnicity</title>
          <xcoord>1020</xcoord>
          <width>450</width>
          <helphtml>fieldhelp/ethnicity.html</helphtml>
          <knowndata>knowndata/ethnicities.txt</knowndata>
        </field>
      </fields>
      <images>
        <image>
          <file>images/1900_image0.png</file>
        </image>
        <image>
          <file>images/1900_image1.png</file>
        </image>
        <image>
          <file>images/1900_image2.png</file>
        </image>
        <image>
          <file>images/1900_image3.png</file>
        </image>
        <image>
          <file>images/1900_image4.png</file>
        </image>
        <image>
          <file>images/1900_image5.png</file>
        </image>
        <image>
          <file>images/1900_image6.png</file>
        </image>
        <image>
          <file>images/1900_image7.png</file>
        </image>
        <image>
          <file>images/1900_image8.png</file>
        </image>
        <image>
          <file>images/1900_image9.png</file>
        </image>
        <image>
          <file>images/1900_image10.png</file>
        </image>
        <image>
          <file>images/1900_image11.png</file>
        </image>
        <image>
          <file>images/1900_image12.png</file>
        </image>
        <image>
          <file>images/1900_image13.png</file>
        </image>
        <image>
          <file>images/1900_image14.png</file>
        </image>
        <image>
          <file>images/1900_image15.png</file>
        </image>
        <image>
          <file>images/1900_image16.png</file>
        </image>
        <image>
          <file>images/1900_image17.png</file>
        </image>
        <image>
          <file>images/1900_image18.png</file>
        </image>
        <image>
          <file>images/1900_image19.png</file>
        </image>
      </images>
    </project>
    <project>
      <title>Draft Records</title>
      <recordsperimage>7</recordsperimage>
      <firstycoord>195</firstycoord>
      <recordheight>65</recordheight>
      <fields>
        <field>
          <title>Last Name</title>
          <xcoord>75</xcoord>
          <width>325</width>
          <helphtml>fieldhelp/last_name.html</helphtml>
          <knowndata>knowndata/draft_last_names.txt</knowndata>
        </field>
        <field>
          <title>First Name</title>
          <xcoord>400</xcoord>
          <width>325</width>
          <helphtml>fieldhelp/first_name.html</helphtml>
          <knowndata>knowndata/draft_first_names.txt</knowndata>
        </field>
        <field>
          <title>Age</title>
          <xcoord>725</xcoord>
          <width>120</width>
          <helphtml>fieldhelp/age.html</helphtml>
        </field>
        <field>
          <title>Ethnicity</title>
          <xcoord>845</xcoord>
          <width>450</width>
          <helphtml>fieldhelp/ethnicity.html</helphtml>
          <knowndata>knowndata/ethnicities.txt</knowndata>
        </field>
      </fields>
      <images>
        <image>
          <file>images/draft_image0.png</file>
          <records>
            <record>
              <values>
                <value>FOX</value>
                <value>RUSSELL</value>
                <value>19</value>
                <value>ALASKA NATIVE</value>
              </values>
            </record>
            <record>
              <values>
                <value>BARTLETT</value>
                <value>DAVE</value>
                <value>21</value>
                <value>HISPANIC</value>
              </values>
            </record>
            <record>
              <values>
                <value>ACOSTA</value>
                <value>JEROME</value>
                <value>28</value>
                <value>ALASKA NATIVE</value>
              </values>
            </record>
            <record>
              <values>
                <value>HALL</value>
                <value>JAY</value>
                <value>20</value>
                <value>NATIVE HAWAIIAN</value>
              </values>
            </record>
            <record>
              <values>
                <value>MILES</value>
                <value>LUTHER</value>
                <value>28</value>
                <value>NATIVE HAWAIIAN</value>
              </values>
            </record>
            <record>
              <values>
                <value>JARVIS</value>
                <value>LEROY</value>
                <value>24</value>
                <value>WHITE</value>
              </values>
            </record>
            <record>
              <values>
                <value>DUNN</value>
                <value>TED</value>
                <value>29</value>
                <value>BLACK</value>
              </values>
            </record>
          </records>
        </image>
        <image>
          <file>images/draft_image1.png</file>
          <records>
            <record>
              <values>
                <value>REILLY</value>
                <value>KENNETH</value>
                <value>29</value>
                <value>ALASKA NATIVE</value>
              </values>
            </record>
            <record>
              <values>
                <value>DAUGHERTY</value>
                <value>RAMON</value>
                <value>25</value>
                <value>ALASKA NATIVE</value>
              </values>
            </record>
            <record>
              <values>
                <value>FLORES</value>
                <value>AUSTIN</value>
                <value>26</value>
                <value>WHITE</value>
              </values>
            </record>
            <record>
              <values>
                <value>SIMMONS</value>
                <value>FRANCIS</value>
                <value>24</value>
                <value>BLACK</value>
              </values>
            </record>
            <record>
              <values>
                <value>PORTER</value>
                <value>CLAUDE</value>
                <value>30</value>
                <value>WHITE</value>
              </values>
            </record>
            <record>
              <values>
                <value>SHEPPARD</value>
                <value>SEAN</value>
                <value>19</value>
                <value>NATIVE HAWAIIAN</value>
              </values>
            </record>
            <record>
              <values>
                <value>EDWARDS</value>
                <value>PABLO</value>
                <value>27</value>
                <value>ASIAN</value>
              </values>
            </record>
          </records>
        </image>
        <image>
          <file>images/draft_image2.png</file>
          <records>
            <record>
              <values>
                <value>JENNINGS</value>
                <value>MORRIS</value>
                <value>23</value>
                <value>BLACK</value>
              </values>
            </record>
            <record>
              <values>
                <value>BRADFORD</value>
                <value>ANTHONY</value>
                <value>27</value>
                <value>AMERICAN INDIAN</value>
              </values>
            </record>
            <record>
              <values>
                <value>ORTIZ</value>
                <value>JULIUS</value>
                <value>21</value>
                <value>ALASKA NATIVE</value>
              </values>
            </record>
            <record>
              <values>
                <value>JOHNS</value>
                <value>BRADLEY</value>
                <value>29</value>
                <value>HISPANIC</value>
              </values>
            </record>
            <record>
              <values>
                <value>KEITH</value>
                <value>LEON</value>
                <value>27</value>
                <value>AMERICAN INDIAN</value>
              </values>
            </record>
            <record>
              <values>
                <value>COLE</value>
                <value>SAM</value>
                <value>21</value>
                <value>NATIVE HAWAIIAN</value>
              </values>
            </record>
            <record>
              <values>
                <value>CANNON</value>
                <value>CASEY</value>
                <value>19</value>
                <value>NATIVE HAWAIIAN</value>
              </values>
            </record>
          </records>
        </image>
        <image>
          <file>images/draft_image3.png</file>
          <records>
            <record>
              <values>
                <value>GIBSON</value>
                <value>PAUL</value>
                <value>19</value>
                <value>WHITE</value>
              </values>
            </record>
            <record>
              <values>
                <value>PEREZ</value>
                <value>KEITH</value>
                <value>22</value>
                <value>NATIVE HAWAIIAN</value>
              </values>
            </record>
            <record>
              <values>
                <value>LAWRENCE</value>
                <value>WALTER</value>
                <value>30</value>
                <value>BLACK</value>
              </values>
            </record>
            <record>
              <values>
                <value>FRYE</value>
                <value>CHARLIE</value>
                <value>27</value>
                <value>BLACK</value>
              </values>
            </record>
            <record>
              <values>
                <value>WALTERS</value>
                <value>OSCAR</value>
                <value>29</value>
                <value>HISPANIC</value>
              </values>
            </record>
            <record>
              <values>
                <value>WARE</value>
                <value>SETH</value>
                <value>19</value>
                <value>BLACK</value>
              </values>
            </record>
            <record>
              <values>
                <value>BARNETT</value>
                <value>LYLE</value>
                <value>29</value>
                <value>ALASKA NATIVE</value>
              </values>
            </record>
          </records>
        </image>
        <image>
          <file>images/draft_image4.png</file>
          <records>
            <record>
              <values>
                <value>KLINE</value>
                <value>GLENN</value>
                <value>30</value>
                <value>WHITE</value>
              </values>
            </record>
            <record>
              <values>
                <value>MORTON</value>
                <value>RANDALL</value>
                <value>22</value>
                <value>ASIAN</value>
              </values>
            </record>
            <record>
              <values>
                <value>WALTON</value>
                <value>GILBERT</value>
                <value>22</value>
                <value>ALASKA NATIVE</value>
              </values>
            </record>
            <record>
              <values>
                <value>MAXWELL</value>
                <value>JASON</value>
                <value>24</value>
                <value>HISPANIC</value>
              </values>
            </record>
            <record>
              <values>
                <value>LOGAN</value>
                <value>IVAN</value>
                <value>22</value>
                <value>BLACK</value>
              </values>
            </record>
            <record>
              <values>
                <value>RAMOS</value>
                <value>MAX</value>
                <value>26</value>
                <value>BLACK</value>
              </values>
            </record>
            <record>
              <values>
                <value>MALONE</value>
                <value>GLENN</value>
                <value>23</value>
                <value>WHITE</value>
              </values>
            </record>
          </records>
        </image>
        <image>
          <file>images/draft_image5.png</file>
          <records>
            <record>
              <values>
                <value>MORSE</value>
                <value>TERRENCE</value>
                <value>27</value>
                <value>HISPANIC</value>
              </values>
            </record>
            <record>
              <values>
                <value>SCHULTZ</value>
                <value>WILLIAM</value>
                <value>26</value>
                <value>BLACK</value>
              </values>
            </record>
            <record>
              <values>
                <value>ROACH</value>
                <value>KEVIN</value>
                <value>21</value>
                <value>HISPANIC</value>
              </values>
            </record>
            <record>
              <values>
                <value>BECK</value>
                <value>RICARDO</value>
                <value>22</value>
                <value>HISPANIC</value>
              </values>
            </record>
            <record>
              <values>
                <value>BROWN</value>
                <value>RAYMOND</value>
                <value>30</value>
                <value>ASIAN</value>
              </values>
            </record>
            <record>
              <values>
                <value>MICHAEL</value>
                <value>JUAN</value>
                <value>20</value>
                <value>HISPANIC</value>
              </values>
            </record>
            <record>
              <values>
                <value>WILLIAMS</value>
                <value>HAROLD</value>
                <value>21</value>
                <value>HISPANIC</value>
              </values>
            </record>
          </records>
        </image>
        <image>
          <file>images/draft_image6.png</file>
          <records>
            <record>
              <values>
                <value>ARELLANO</value>
                <value>DOUGLAS</value>
                <value>29</value>
                <value>BLACK</value>
              </values>
            </record>
            <record>
              <values>
                <value>VILLA</value>
                <value>ISAAC</value>
                <value>30</value>
                <value>ASIAN</value>
              </values>
            </record>
            <record>
              <values>
                <value>WARD</value>
                <value>ROBERTO</value>
                <value>27</value>
                <value>HISPANIC</value>
              </values>
            </record>
            <record>
              <values>
                <value>ROJAS</value>
                <value>GERARD</value>
                <value>30</value>
                <value>ALASKA NATIVE</value>
              </values>
            </record>
            <record>
              <values>
                <value>HOWE</value>
                <value>LYLE</value>
                <value>18</value>
                <value>NATIVE HAWAIIAN</value>
              </values>
            </record>
            <record>
              <values>
                <value>HANSEN</value>
                <value>HECTOR</value>
                <value>19</value>
                <value>HISPANIC</value>
              </values>
            </record>
            <record>
              <values>
                <value>HAYS</value>
                <value>MARIO</value>
                <value>22</value>
                <value>NATIVE HAWAIIAN</value>
              </values>
            </record>
          </records>
        </image>
        <image>
          <file>images/draft_image7.png</file>
          <records>
            <record>
              <values>
                <value>RAMIREZ</value>
                <value>EUGENE</value>
                <value>25</value>
                <value>WHITE</value>
              </values>
            </record>
            <record>
              <values>
                <value>DANIEL</value>
                <value>EDWARD</value>
                <value>18</value>
                <value>HISPANIC</value>
              </values>
            </record>
            <record>
              <values>
                <value>BARNETT</value>
                <value>LYLE</value>
                <value>21</value>
                <value>NATIVE HAWAIIAN</value>
              </values>
            </record>
            <record>
              <values>
                <value>VILLARREAL</value>
                <value>FRED</value>
                <value>19</value>
                <value>ASIAN</value>
              </values>
            </record>
            <record>
              <values>
                <value>SHEPHERD</value>
                <value>PEDRO</value>
                <value>22</value>
                <value>WHITE</value>
              </values>
            </record>
            <record>
              <values>
                <value>CHUNG</value>
                <value>LORENZO</value>
                <value>29</value>
                <value>ALASKA NATIVE</value>
              </values>
            </record>
            <record>
              <values>
                <value>REEVES</value>
                <value>JORGE</value>
                <value>21</value>
                <value>WHITE</value>
              </values>
            </record>
          </records>
        </image>
        <image>
          <file>images/draft_image8.png</file>
          <records>
            <record>
              <values>
                <value>OLIVER</value>
                <value>BRADLEY</value>
                <value>18</value>
                <value>AMERICAN INDIAN</value>
              </values>
            </record>
            <record>
              <values>
                <value>HOBBS</value>
                <value>VERNON</value>
                <value>30</value>
                <value>ASIAN</value>
              </values>
            </record>
            <record>
              <values>
                <value>MEDINA</value>
                <value>CHARLIE</value>
                <value>20</value>
                <value>ASIAN</value>
              </values>
            </record>
            <record>
              <values>
                <value>MENDOZA</value>
                <value>JUAN</value>
                <value>18</value>
                <value>ASIAN</value>
              </values>
            </record>
            <record>
              <values>
                <value>DURAN</value>
                <value>HERMAN</value>
                <value>27</value>
                <value>WHITE</value>
              </values>
            </record>
            <record>
              <values>
                <value>DOWNS</value>
                <value>ANDY</value>
                <value>19</value>
                <value>NATIVE HAWAIIAN</value>
              </values>
            </record>
            <record>
              <values>
                <value>WALTON</value>
                <value>TOM</value>
                <value>22</value>
                <value>BLACK</value>
              </values>
            </record>
          </records>
        </image>
        <image>
          <file>images/draft_image9.png</file>
          <records>
            <record>
              <values>
                <value>MEZA</value>
                <value>KEITH</value>
                <value>29</value>
                <value>BLACK</value>
              </values>
            </record>
            <record>
              <values>
                <value>BERRY</value>
                <value>MILTON</value>
                <value>22</value>
                <value>HISPANIC</value>
              </values>
            </record>
            <record>
              <values>
                <value>CALHOUN</value>
                <value>GENE</value>
                <value>24</value>
                <value>NATIVE HAWAIIAN</value>
              </values>
            </record>
            <record>
              <values>
                <value>VASQUEZ</value>
                <value>ALLEN</value>
                <value>27</value>
                <value>HISPANIC</value>
              </values>
            </record>
            <record>
              <values>
                <value>HAYS</value>
                <value>DALE</value>
                <value>25</value>
                <value>AMERICAN INDIAN</value>
              </values>
            </record>
            <record>
              <values>
                <value>BYRD</value>
                <value>TODD</value>
                <value>26</value>
                <value>WHITE</value>
              </values>
            </record>
            <record>
              <values>
                <value>ARELLANO</value>
                <value>EDGAR</value>
                <value>19</value>
                <value>ALASKA NATIVE</value>
              </values>
            </record>
          </records>
        </image>
        <image>
          <file>images/draft_image10.png</file>
          <records>
            <record>
              <values>
                <value>ONEAL</value>
                <value>PETER</value>
                <value>30</value>
                <value>BLACK</value>
              </values>
            </record>
            <record>
              <values>
                <value>ESPARZA</value>
                <value>DANNY</value>
                <value>18</value>
                <value>BLACK</value>
              </values>
            </record>
            <record>
              <values>
                <value>CALDWELL</value>
                <value>ADRIAN</value>
                <value>26</value>
                <value>WHITE</value>
              </values>
            </record>
            <record>
              <values>
                <value>SLOAN</value>
                <value>TIM</value>
                <value>22</value>
                <value>ASIAN</value>
              </values>
            </record>
            <record>
              <values>
                <value>NELSON</value>
                <value>TOMMY</value>
                <value>22</value>
                <value>BLACK</value>
              </values>
            </record>
            <record>
              <values>
                <value>COLLIER</value>
                <value>JULIUS</value>
                <value>28</value>
                <value>ALASKA NATIVE</value>
              </values>
            </record>
            <record>
              <values>
                <value>DILLON</value>
                <value>JIMMY</value>
                <value>27</value>
                <value>NATIVE HAWAIIAN</value>
              </values>
            </record>
          </records>
        </image>
        <image>
          <file>images/draft_image11.png</file>
          <records>
            <record>
              <values>
                <value>MCKENZIE</value>
                <value>HECTOR</value>
                <value>24</value>
                <value>BLACK</value>
              </values>
            </record>
            <record>
              <values>
                <value>FOSTER</value>
                <value>CHARLIE</value>
                <value>22</value>
                <value>AMERICAN INDIAN</value>
              </values>
            </record>
            <record>
              <values>
                <value>ARNOLD</value>
                <value>BRYAN</value>
                <value>25</value>
                <value>AMERICAN INDIAN</value>
              </values>
            </record>
            <record>
              <values>
                <value>TYLER</value>
                <value>STUART</value>
                <value>28</value>
                <value>WHITE</value>
              </values>
            </record>
            <record>
              <values>
                <value>ROSARIO</value>
                <value>DERRICK</value>
                <value>18</value>
                <value>ALASKA NATIVE</value>
              </values>
            </record>
            <record>
              <values>
                <value>DURHAM</value>
                <value>CLAYTON</value>
                <value>21</value>
                <value>HISPANIC</value>
              </values>
            </record>
            <record>
              <values>
                <value>WILLIS</value>
                <value>JEFFREY</value>
                <value>27</value>
                <value>AMERICAN INDIAN</value>
              </values>
            </record>
          </records>
        </image>
        <image>
          <file>images/draft_image12.png</file>
          <records>
            <record>
              <values>
                <value>POTTER</value>
                <value>DOUGLAS</value>
                <value>23</value>
                <value>NATIVE HAWAIIAN</value>
              </values>
            </record>
            <record>
              <values>
                <value>LINDSEY</value>
                <value>KURT</value>
                <value>28</value>
                <value>ALASKA NATIVE</value>
              </values>
            </record>
            <record>
              <values>
                <value>FISCHER</value>
                <value>SALVADOR</value>
                <value>23</value>
                <value>ALASKA NATIVE</value>
              </values>
            </record>
            <record>
              <values>
                <value>CAREY</value>
                <value>KARL</value>
                <value>25</value>
                <value>NATIVE HAWAIIAN</value>
              </values>
            </record>
            <record>
              <values>
                <value>BAKER</value>
                <value>JONATHAN</value>
                <value>26</value>
                <value>WHITE</value>
              </values>
            </record>
            <record>
              <values>
                <value>SOSA</value>
                <value>EVAN</value>
                <value>18</value>
                <value>AMERICAN INDIAN</value>
              </values>
            </record>
            <record>
              <values>
                <value>BOWEN</value>
                <value>WALTER</value>
                <value>30</value>
                <value>ALASKA NATIVE</value>
              </values>
            </record>
          </records>
        </image>
        <image>
          <file>images/draft_image13.png</file>
          <records>
            <record>
              <values>
                <value>KLEIN</value>
                <value>DEAN</value>
                <value>23</value>
                <value>AMERICAN INDIAN</value>
              </values>
            </record>
            <record>
              <values>
                <value>BLAIR</value>
                <value>CLARENCE</value>
                <value>23</value>
                <value>BLACK</value>
              </values>
            </record>
            <record>
              <values>
                <value>HORNE</value>
                <value>MILTON</value>
                <value>30</value>
                <value>WHITE</value>
              </values>
            </record>
            <record>
              <values>
                <value>GOULD</value>
                <value>SEAN</value>
                <value>28</value>
                <value>ALASKA NATIVE</value>
              </values>
            </record>
            <record>
              <values>
                <value>BOND</value>
                <value>MIGUEL</value>
                <value>19</value>
                <value>BLACK</value>
              </values>
            </record>
            <record>
              <values>
                <value>MCCALL</value>
                <value>ALBERTO</value>
                <value>29</value>
                <value>WHITE</value>
              </values>
            </record>
            <record>
              <values>
                <value>GORDON</value>
                <value>JORGE</value>
                <value>19</value>
                <value>ALASKA NATIVE</value>
              </values>
            </record>
          </records>
        </image>
        <image>
          <file>images/draft_image14.png</file>
          <records>
            <record>
              <values>
                <value>HARRELL</value>
                <value>MARVIN</value>
                <value>24</value>
                <value>HISPANIC</value>
              </values>
            </record>
            <record>
              <values>
                <value>MITCHELL</value>
                <value>GORDON</value>
                <value>26</value>
                <value>AMERICAN INDIAN</value>
              </values>
            </record>
            <record>
              <values>
                <value>LINDSEY</value>
                <value>JESSE</value>
                <value>20</value>
                <value>NATIVE HAWAIIAN</value>
              </values>
            </record>
            <record>
              <values>
                <value>PEARSON</value>
                <value>RODNEY</value>
                <value>29</value>
                <value>HISPANIC</value>
              </values>
            </record>
            <record>
              <values>
                <value>COHEN</value>
                <value>DARYL</value>
                <value>25</value>
                <value>WHITE</value>
              </values>
            </record>
            <record>
              <values>
                <value>WHITE</value>
                <value>HOMER</value>
                <value>26</value>
                <value>WHITE</value>
              </values>
            </record>
            <record>
              <values>
                <value>NUNEZ</value>
                <value>SHAUN</value>
                <value>19</value>
                <value>ALASKA NATIVE</value>
              </values>
            </record>
          </records>
        </image>
        <image>
          <file>images/draft_image15.png</file>
          <records>
            <record>
              <values>
                <value>ROBERSON</value>
                <value>ANDREW</value>
                <value>28</value>
                <value>BLACK</value>
              </values>
            </record>
            <record>
              <values>
                <value>CORDOVA</value>
                <value>TOM</value>
                <value>22</value>
                <value>ASIAN</value>
              </values>
            </record>
            <record>
              <values>
                <value>DUDLEY</value>
                <value>CARLOS</value>
                <value>22</value>
                <value>NATIVE HAWAIIAN</value>
              </values>
            </record>
            <record>
              <values>
                <value>BRAY</value>
                <value>RONNIE</value>
                <value>21</value>
                <value>BLACK</value>
              </values>
            </record>
            <record>
              <values>
                <value>BEARD</value>
                <value>FERNANDO</value>
                <value>22</value>
                <value>ASIAN</value>
              </values>
            </record>
            <record>
              <values>
                <value>VILLARREAL</value>
                <value>JOSEPH</value>
                <value>24</value>
                <value>WHITE</value>
              </values>
            </record>
            <record>
              <values>
                <value>MAHONEY</value>
                <value>LYLE</value>
                <value>23</value>
                <value>BLACK</value>
              </values>
            </record>
          </records>
        </image>
        <image>
          <file>images/draft_image16.png</file>
          <records>
            <record>
              <values>
                <value>LEBLANC</value>
                <value>GABRIEL</value>
                <value>27</value>
                <value>AMERICAN INDIAN</value>
              </values>
            </record>
            <record>
              <values>
                <value>LARSON</value>
                <value>TODD</value>
                <value>22</value>
                <value>NATIVE HAWAIIAN</value>
              </values>
            </record>
            <record>
              <values>
                <value>CLAYTON</value>
                <value>MANUEL</value>
                <value>18</value>
                <value>AMERICAN INDIAN</value>
              </values>
            </record>
            <record>
              <values>
                <value>STAFFORD</value>
                <value>ABRAHAM</value>
                <value>23</value>
                <value>HISPANIC</value>
              </values>
            </record>
            <record>
              <values>
                <value>MIDDLETON</value>
                <value>ERIK</value>
                <value>28</value>
                <value>ALASKA NATIVE</value>
              </values>
            </record>
            <record>
              <values>
                <value>BALLARD</value>
                <value>SCOTT</value>
                <value>25</value>
                <value>BLACK</value>
              </values>
            </record>
            <record>
              <values>
                <value>ESCOBAR</value>
                <value>ZACHARY</value>
                <value>29</value>
                <value>AMERICAN INDIAN</value>
              </values>
            </record>
          </records>
        </image>
        <image>
          <file>images/draft_image17.png</file>
          <records>
            <record>
              <values>
                <value>FISCHER</value>
                <value>LYNN</value>
                <value>26</value>
                <value>AMERICAN INDIAN</value>
              </values>
            </record>
            <record>
              <values>
                <value>CHAVEZ</value>
                <value>CLARENCE</value>
                <value>20</value>
                <value>WHITE</value>
              </values>
            </record>
            <record>
              <values>
                <value>DELACRUZ</value>
                <value>MATHEW</value>
                <value>28</value>
                <value>BLACK</value>
              </values>
            </record>
            <record>
              <values>
                <value>GLASS</value>
                <value>JUAN</value>
                <value>28</value>
                <value>AMERICAN INDIAN</value>
              </values>
            </record>
            <record>
              <values>
                <value>HOPKINS</value>
                <value>JESUS</value>
                <value>21</value>
                <value>BLACK</value>
              </values>
            </record>
            <record>
              <values>
                <value>PATTON</value>
                <value>BRANDON</value>
                <value>29</value>
                <value>WHITE</value>
              </values>
            </record>
            <record>
              <values>
                <value>SCOTT</value>
                <value>LEON</value>
                <value>21</value>
                <value>AMERICAN INDIAN</value>
              </values>
            </record>
          </records>
        </image>
        <image>
          <file>images/draft_image18.png</file>
          <records>
            <record>
              <values>
                <value>GARDNER</value>
                <value>TYLER</value>
                <value>19</value>
                <value>ALASKA NATIVE</value>
              </values>
            </record>
            <record>
              <values>
                <value>KAUFMAN</value>
                <value>CORY</value>
                <value>24</value>
                <value>NATIVE HAWAIIAN</value>
              </values>
            </record>
            <record>
              <values>
                <value>PERKINS</value>
                <value>ROY</value>
                <value>18</value>
                <value>ALASKA NATIVE</value>
              </values>
            </record>
            <record>
              <values>
                <value>MARKS</value>
                <value>TOM</value>
                <value>21</value>
                <value>ALASKA NATIVE</value>
              </values>
            </record>
            <record>
              <values>
                <value>SHEPARD</value>
                <value>WESLEY</value>
                <value>24</value>
                <value>ALASKA NATIVE</value>
              </values>
            </record>
            <record>
              <values>
                <value>ROSS</value>
                <value>MARSHALL</value>
                <value>19</value>
                <value>WHITE</value>
              </values>
            </record>
            <record>
              <values>
                <value>MOSS</value>
                <value>AUSTIN</value>
                <value>29</value>
                <value>AMERICAN INDIAN</value>
              </values>
            </record>
          </records>
        </image>
        <image>
          <file>images/draft_image19.png</file>
          <records>
            <record>
              <values>
                <value>MCBRIDE</value>
                <value>HARVEY</value>
                <value>23</value>
                <value>BLACK</value>
              </values>
            </record>
            <record>
              <values>
                <value>DODSON</value>
                <value>HECTOR</value>
                <value>28</value>
                <value>ASIAN</value>
              </values>
            </record>
            <record>
              <values>
                <value>OCONNELL</value>
                <value>CLYDE</value>
                <value>21</value>
                <value>BLACK</value>
              </values>
            </record>
            <record>
              <values>
                <value>GROSS</value>
                <value>HUBERT</value>
                <value>20</value>
                <value>AMERICAN INDIAN</value>
              </values>
            </record>
            <record>
              <values>
                <value>SWEENEY</value>
                <value>MANUEL</value>
                <value>25</value>
                <value>AMERICAN INDIAN</value>
              </values>
            </record>
            <record>
              <values>
                <value>GRAY</value>
                <value>WALTER</value>
                <value>23</value>
                <value>HISPANIC</value>
              </values>
            </record>
            <record>
              <values>
                <value>MAY</value>
                <value>STUART</value>
                <value>19</value>
                <value>ASIAN</value>
              </values>
            </record>
          </records>
        </image>
      </images>
    </project>
  </projects>
</indexerdata>

